{
    "accuracy": [
        0.013295252807438374,
        0.045302342623472214,
        0.11552097648382187,
        0.23409493267536163,
        0.3982667028903961,
        0.562438428401947,
        0.7003151178359985,
        0.7720110416412354,
        0.7987000346183777,
        0.8490250110626221,
        0.9047666192054749,
        0.9589324593544006,
        0.986606240272522,
        0.9961591362953186,
        0.9982272982597351,
        0.9998030066490173,
        0.9998030066490173,
        0.9998030066490173,
        0.9998030066490173,
        0.9998030066490173,
        0.9998030066490173,
        0.9998030066490173,
        0.9998030066490173,
        0.9998030066490173,
        0.9998030066490173,
        0.9998030066490173,
        0.9998030066490173,
        0.9998030066490173,
        0.9998030066490173,
        0.9998030066490173,
        0.9998030066490173,
        0.9998030066490173
    ],
    "loss": [
        8.098387718200684,
        4.705162525177002,
        4.202250003814697,
        3.4813766479492188,
        2.648965358734131,
        1.9067970514297485,
        1.3200210332870483,
        0.9896309971809387,
        0.8289217352867126,
        0.6146788001060486,
        0.4004242420196533,
        0.20088131725788116,
        0.08894805610179901,
        0.04007846862077713,
        0.020041698589920998,
        0.010029144585132599,
        0.007491955067962408,
        0.005687942262738943,
        0.00456246268004179,
        0.004043943714350462,
        0.0038259639404714108,
        0.0037024435587227345,
        0.0036179402377456427,
        0.00353066879324615,
        0.0034355076495558023,
        0.003336227498948574,
        0.003284765873104334,
        0.003260575933381915,
        0.0031793860252946615,
        0.003199657890945673,
        0.0031720127444714308,
        0.003081187140196562
    ],
    "val_accuracy": [
        0.023450586944818497,
        0.05360133945941925,
        0.11446119844913483,
        0.17811278998851776,
        0.2199888378381729,
        0.23115578293800354,
        0.2183137983083725,
        0.2222222238779068,
        0.23841428756713867,
        0.23673924803733826,
        0.2557230591773987,
        0.27582356333732605,
        0.29369068145751953,
        0.3065326511859894,
        0.3271915018558502,
        0.3121161460876465,
        0.31714126467704773,
        0.3232830762863159,
        0.3260748088359833,
        0.3271915018558502,
        0.3260748088359833,
        0.32495811581611633,
        0.32663315534591675,
        0.3271915018558502,
        0.3271915018558502,
        0.3260748088359833,
        0.32663315534591675,
        0.3255164623260498,
        0.3255164623260498,
        0.32439976930618286,
        0.32495811581611633,
        0.3238414227962494
    ],
    "val_loss": [
        4.912014007568359,
        4.581054210662842,
        4.188735485076904,
        3.8156545162200928,
        3.6616156101226807,
        3.8263022899627686,
        4.210678577423096,
        4.330184459686279,
        4.240917682647705,
        4.437613010406494,
        4.689403057098389,
        4.3461012840271,
        4.5083327293396,
        4.535919189453125,
        4.587525367736816,
        4.724794387817383,
        4.737965106964111,
        4.722896099090576,
        4.7450361251831055,
        4.793642520904541,
        4.8354363441467285,
        4.864311695098877,
        4.896673679351807,
        4.917957305908203,
        4.936769485473633,
        4.957254886627197,
        4.980108737945557,
        4.99376106262207,
        5.008145332336426,
        5.017285346984863,
        5.0304131507873535,
        5.043463230133057
    ]
}