{
    "accuracy": [
        0.009060468524694443,
        0.020090604200959206,
        0.05229466035962105,
        0.1020287573337555,
        0.16771715879440308,
        0.2616702914237976,
        0.38142603635787964,
        0.49625763297080994,
        0.5998620986938477,
        0.6959818601608276,
        0.7740792036056519,
        0.8268662691116333,
        0.8632066249847412,
        0.8870396018028259,
        0.9074256420135498,
        0.9285010695457458,
        0.9397282004356384,
        0.9563718438148499,
        0.9715383052825928,
        0.9831593632698059,
        0.9918258786201477,
        0.9961591362953186,
        0.9991136789321899,
        0.9997045397758484,
        0.9998030066490173,
        0.9998030066490173,
        0.9998030066490173,
        0.9998030066490173,
        0.9998030066490173,
        0.9998030066490173,
        0.9998030066490173,
        0.9998030066490173
    ],
    "loss": [
        7.074119567871094,
        5.010583877563477,
        4.7548017501831055,
        4.418920040130615,
        3.9767043590545654,
        3.4249818325042725,
        2.8265397548675537,
        2.2664132118225098,
        1.7852762937545776,
        1.38271164894104,
        1.0690265893936157,
        0.8381140232086182,
        0.6618619561195374,
        0.5461618900299072,
        0.43567150831222534,
        0.36327943205833435,
        0.3017101287841797,
        0.23073729872703552,
        0.17169588804244995,
        0.12069818377494812,
        0.07994052767753601,
        0.0533139742910862,
        0.03076167404651642,
        0.0201922208070755,
        0.014804594218730927,
        0.012373401783406734,
        0.010726609267294407,
        0.009436027146875858,
        0.008453911170363426,
        0.007798381615430117,
        0.007218846119940281,
        0.006748379208147526
    ],
    "val_accuracy": [
        0.010608598589897156,
        0.017867112532258034,
        0.04020100459456444,
        0.07091010361909866,
        0.10776102542877197,
        0.15912897884845734,
        0.18983808159828186,
        0.21775543689727783,
        0.24623115360736847,
        0.2629815638065338,
        0.2629815638065338,
        0.2629815638065338,
        0.2808486819267273,
        0.26800671219825745,
        0.2607481777667999,
        0.2841987609863281,
        0.2925739884376526,
        0.2903406023979187,
        0.286432147026062,
        0.3238414227962494,
        0.2987158000469208,
        0.3327749967575073,
        0.3316583037376404,
        0.3294248878955841,
        0.3316583037376404,
        0.3389168083667755,
        0.34170854091644287,
        0.3389168083667755,
        0.34003350138664246,
        0.33445003628730774,
        0.33054161071777344,
        0.3294248878955841
    ],
    "val_loss": [
        5.217261791229248,
        5.001043319702148,
        4.842142581939697,
        4.60573148727417,
        4.335099697113037,
        3.9951212406158447,
        3.7568414211273193,
        3.611133575439453,
        3.5186071395874023,
        3.5114920139312744,
        3.6418120861053467,
        3.7211971282958984,
        3.775026559829712,
        4.029178142547607,
        4.157349586486816,
        3.9773452281951904,
        4.035545825958252,
        4.250751495361328,
        4.214122295379639,
        3.9888062477111816,
        4.27897834777832,
        3.966620922088623,
        4.033873558044434,
        4.038928985595703,
        4.045587062835693,
        4.054337501525879,
        4.07150936126709,
        4.0961594581604,
        4.115890979766846,
        4.140011787414551,
        4.155491352081299,
        4.167707920074463
    ]
}