{
    "accuracy": [
        0.08265078067779541,
        0.25241994857788086,
        0.42069992423057556,
        0.543559193611145,
        0.6641846895217896,
        0.7304542064666748,
        0.7706627249717712,
        0.8272524476051331,
        0.861504077911377,
        0.8883097767829895,
        0.9136261940002441,
        0.9322412610054016,
        0.9441548585891724,
        0.9553238749504089,
        0.9612807035446167,
        0.9664929509162903,
        0.970215916633606,
        0.9776619672775269,
        0.9798957705497742,
        0.9828741550445557,
        0.985107958316803,
        0.9880864024162292,
        0.9888309836387634,
        0.9903202056884766,
        0.9910647869110107,
        0.9925540089607239,
        0.9932985901832581,
        0.9932985901832581,
        0.9932985901832581,
        0.9932985901832581
    ],
    "loss": [
        5.518346786499023,
        4.308498382568359,
        3.725135564804077,
        3.3043572902679443,
        2.999295949935913,
        2.7455556392669678,
        2.5581507682800293,
        2.403003692626953,
        2.283608913421631,
        2.1866750717163086,
        2.1083574295043945,
        2.0434975624084473,
        1.990852952003479,
        1.946738600730896,
        1.909899353981018,
        1.8789000511169434,
        1.8525803089141846,
        1.8301280736923218,
        1.8108915090560913,
        1.794330358505249,
        1.7799066305160522,
        1.7673641443252563,
        1.7563732862472534,
        1.746680736541748,
        1.7381412982940674,
        1.7305556535720825,
        1.7237975597381592,
        1.717747449874878,
        1.7123205661773682,
        1.707448959350586
    ],
    "val_accuracy": [
        0.13502109050750732,
        0.29957807064056396,
        0.3586497902870178,
        0.38818565011024475,
        0.5105485320091248,
        0.5358649492263794,
        0.552742600440979,
        0.5738396644592285,
        0.5864979028701782,
        0.5907173156738281,
        0.5991561412811279,
        0.6033755540847778,
        0.6202531456947327,
        0.6202531456947327,
        0.6286919713020325,
        0.6286919713020325,
        0.6286919713020325,
        0.6286919713020325,
        0.6244725584983826,
        0.6286919713020325,
        0.6329113841056824,
        0.6329113841056824,
        0.6329113841056824,
        0.6371307969093323,
        0.6413502097129822,
        0.6413502097129822,
        0.6455696225166321,
        0.649789035320282,
        0.6540084481239319,
        0.649789035320282
    ],
    "val_loss": [
        4.627714157104492,
        4.097862243652344,
        3.7334063053131104,
        3.5522964000701904,
        3.3464202880859375,
        3.2156500816345215,
        3.1053884029388428,
        3.035637855529785,
        2.9772725105285645,
        2.9363903999328613,
        2.9032721519470215,
        2.8781614303588867,
        2.8557801246643066,
        2.8362231254577637,
        2.8197638988494873,
        2.8077139854431152,
        2.7966597080230713,
        2.787529945373535,
        2.7795774936676025,
        2.7724246978759766,
        2.766070604324341,
        2.760268211364746,
        2.755425214767456,
        2.751572608947754,
        2.747713565826416,
        2.7440335750579834,
        2.740922451019287,
        2.737992525100708,
        2.7351932525634766,
        2.732727527618408
    ]
}