{
    "accuracy": [
        0.05137751251459122,
        0.10647803544998169,
        0.108711838722229,
        0.1861504167318344,
        0.20402084290981293,
        0.31124347448349,
        0.3655993938446045,
        0.41548770666122437,
        0.5152643322944641,
        0.5740878582000732,
        0.6530156135559082,
        0.7043931484222412,
        0.746090829372406,
        0.7810871005058289,
        0.819061815738678,
        0.854802668094635,
        0.8860759735107422,
        0.9054356217384338,
        0.9262844324111938,
        0.9501116871833801,
        0.9687267541885376,
        0.9746835231781006,
        0.9798957705497742,
        0.985107958316803,
        0.9888309836387634,
        0.9918093681335449,
        0.9932985901832581,
        0.9955323934555054,
        0.9970216155052185,
        0.9977661967277527
    ],
    "loss": [
        18.286075592041016,
        11.584754943847656,
        8.587227821350098,
        6.075774669647217,
        5.200057506561279,
        4.376745223999023,
        3.7613940238952637,
        3.504258155822754,
        3.1734368801116943,
        2.990366220474243,
        2.7799880504608154,
        2.6386449337005615,
        2.493860960006714,
        2.3720691204071045,
        2.2593495845794678,
        2.1611340045928955,
        2.0756871700286865,
        2.0040946006774902,
        1.9391767978668213,
        1.8786171674728394,
        1.820429801940918,
        1.7805602550506592,
        1.7461497783660889,
        1.7102603912353516,
        1.682829737663269,
        1.6593776941299438,
        1.6396931409835815,
        1.6229007244110107,
        1.6084648370742798,
        1.596138834953308
    ],
    "val_accuracy": [
        0.06329113990068436,
        0.08860759437084198,
        0.13080169260501862,
        0.09282700717449188,
        0.19831223785877228,
        0.2151898741722107,
        0.2236286848783493,
        0.3080168664455414,
        0.3628692030906677,
        0.37130802869796753,
        0.4135020971298218,
        0.4430379867553711,
        0.4599156081676483,
        0.48523205518722534,
        0.48945146799087524,
        0.48945146799087524,
        0.48945146799087524,
        0.49367088079452515,
        0.5063291192054749,
        0.5400843620300293,
        0.5189873576164246,
        0.5443037748336792,
        0.5569620132446289,
        0.5485231876373291,
        0.5316455960273743,
        0.552742600440979,
        0.5611814260482788,
        0.5654008388519287,
        0.5780590772628784,
        0.5780590772628784
    ],
    "val_loss": [
        11.667452812194824,
        9.655097007751465,
        7.144360542297363,
        5.950304985046387,
        5.07765531539917,
        4.414890766143799,
        4.169182300567627,
        3.969627857208252,
        3.8259379863739014,
        3.7248587608337402,
        3.635395050048828,
        3.557541847229004,
        3.477308750152588,
        3.3991799354553223,
        3.3625946044921875,
        3.317548990249634,
        3.300220251083374,
        3.284372329711914,
        3.234414577484131,
        3.165849447250366,
        3.1264727115631104,
        3.1083571910858154,
        3.0922775268554688,
        3.098055601119995,
        3.086721897125244,
        3.0499613285064697,
        3.041449546813965,
        3.054049491882324,
        3.0408284664154053,
        3.0281224250793457
    ]
}