{
    "accuracy": [
        0.13161571323871613,
        0.22877541184425354,
        0.2913239300251007,
        0.3433183431625366,
        0.39546793699264526,
        0.4344249665737152,
        0.47415798902511597,
        0.5097004771232605,
        0.5407418608665466,
        0.571317732334137,
        0.5990998148918152,
        0.6257954239845276,
        0.6462827920913696,
        0.6684774160385132,
        0.689740777015686,
        0.7105385661125183,
        0.7290081977844238,
        0.7460809946060181,
        0.7581871747970581,
        0.771069347858429,
        0.7833307385444641,
        0.7949712872505188,
        0.8067670464515686,
        0.8185628056526184,
        0.8270992040634155,
        0.8345491290092468,
        0.843085527420044,
        0.8505354523658752,
        0.8576750159263611,
        0.8645040988922119,
        0.8702467679977417,
        0.8738165497779846,
        0.881421685218811,
        0.8873195648193359,
        0.8918206095695496,
        0.8952351212501526,
        0.8983392715454102,
        0.9023746848106384,
        0.9057892560958862,
        0.9092037677764893,
        0.9130839705467224,
        0.9155672788619995,
        0.9178953766822815,
        0.9192922711372375,
        0.9216203689575195,
        0.923327624797821,
        0.9270526170730591,
        0.9290702939033508,
        0.9312431812286377,
        0.9335713386535645
    ],
    "loss": [
        4.463043212890625,
        4.004008769989014,
        3.798832416534424,
        3.640775680541992,
        3.5071792602539062,
        3.38873553276062,
        3.2826883792877197,
        3.185941457748413,
        3.0964033603668213,
        3.013387441635132,
        2.936784505844116,
        2.8658695220947266,
        2.800076484680176,
        2.7392430305480957,
        2.6826770305633545,
        2.6300125122070312,
        2.580695629119873,
        2.5350399017333984,
        2.492779016494751,
        2.4537432193756104,
        2.417191743850708,
        2.382955551147461,
        2.3510780334472656,
        2.3211348056793213,
        2.2930872440338135,
        2.2667882442474365,
        2.242255926132202,
        2.2192587852478027,
        2.1975719928741455,
        2.1772310733795166,
        2.158073663711548,
        2.1400809288024902,
        2.123110294342041,
        2.107102632522583,
        2.0919530391693115,
        2.077676296234131,
        2.0641350746154785,
        2.051454782485962,
        2.0394554138183594,
        2.0280508995056152,
        2.017251968383789,
        2.007051706314087,
        1.997463583946228,
        1.9883625507354736,
        1.979731559753418,
        1.971563458442688,
        1.9638108015060425,
        1.9564300775527954,
        1.9494589567184448,
        1.942858099937439
    ],
    "val_accuracy": [
        0.18886198103427887,
        0.2542372941970825,
        0.2832929790019989,
        0.3002421259880066,
        0.319612592458725,
        0.33656173944473267,
        0.35835352540016174,
        0.37046006321907043,
        0.37288135290145874,
        0.38498789072036743,
        0.3922518193721771,
        0.4043583571910858,
        0.4116222858428955,
        0.4164648950099945,
        0.4261501133441925,
        0.4261501133441925,
        0.4285714328289032,
        0.4358353614807129,
        0.4406779706478119,
        0.4334140419960022,
        0.4358353614807129,
        0.4382566511631012,
        0.4455205798149109,
        0.4479418992996216,
        0.4503631889820099,
        0.4503631889820099,
        0.4648910462856293,
        0.4673123359680176,
        0.47215497493743896,
        0.47215497493743896,
        0.47457626461982727,
        0.47699758410453796,
        0.47941887378692627,
        0.48184019327163696,
        0.47941887378692627,
        0.48184019327163696,
        0.47699758410453796,
        0.47941887378692627,
        0.48426151275634766,
        0.47941887378692627,
        0.48910412192344666,
        0.48910412192344666,
        0.49152541160583496,
        0.49152541160583496,
        0.49152541160583496,
        0.49152541160583496,
        0.49152541160583496,
        0.49394673109054565,
        0.49394673109054565,
        0.49636805057525635
    ],
    "val_loss": [
        4.080733299255371,
        3.9547905921936035,
        3.882261037826538,
        3.8184027671813965,
        3.767996072769165,
        3.7182812690734863,
        3.6805741786956787,
        3.649780035018921,
        3.6238467693328857,
        3.6021695137023926,
        3.579395055770874,
        3.5607683658599854,
        3.5400524139404297,
        3.5184597969055176,
        3.5002763271331787,
        3.482590436935425,
        3.4680943489074707,
        3.452116012573242,
        3.4383950233459473,
        3.4245214462280273,
        3.4115240573883057,
        3.401261568069458,
        3.390782356262207,
        3.379657030105591,
        3.3704590797424316,
        3.362058162689209,
        3.3531267642974854,
        3.3467626571655273,
        3.3411171436309814,
        3.335613489151001,
        3.3304121494293213,
        3.32677960395813,
        3.3227295875549316,
        3.3205997943878174,
        3.3180594444274902,
        3.3160297870635986,
        3.314312219619751,
        3.3118321895599365,
        3.310185670852661,
        3.30853533744812,
        3.306798219680786,
        3.3049156665802,
        3.302917718887329,
        3.3012707233428955,
        3.2997970581054688,
        3.298422336578369,
        3.2964603900909424,
        3.295074939727783,
        3.293186664581299,
        3.291674852371216
    ]
}