{
    "accuracy": [
        0.1572248935699463,
        0.28154587745666504,
        0.3645817041397095,
        0.43877077102661133,
        0.5027161240577698,
        0.576129138469696,
        0.6396088600158691,
        0.693310558795929,
        0.741269588470459,
        0.7740182876586914,
        0.8117336630821228,
        0.8392053246498108,
        0.853950023651123,
        0.8773863315582275,
        0.8997361660003662,
        0.9171193838119507,
        0.9298463463783264,
        0.9433493614196777,
        0.9528170228004456,
        0.9596461057662964,
        0.9621294140815735,
        0.9674065113067627,
        0.9698898196220398,
        0.9722179174423218,
        0.9757876992225647,
        0.979512631893158,
        0.9826167821884155,
        0.9883594512939453,
        0.9909979701042175,
        0.9927052855491638,
        0.9951885938644409,
        0.9956542253494263,
        0.9965854287147522,
        0.9982927441596985,
        0.9987583160400391,
        0.9987583160400391,
        0.9987583160400391,
        0.9992239475250244,
        0.9993791580200195,
        0.9998447895050049,
        1.0,
        1.0,
        1.0,
        1.0,
        1.0,
        1.0,
        1.0,
        1.0,
        1.0,
        1.0
    ],
    "loss": [
        4.763284683227539,
        3.8246679306030273,
        3.520064353942871,
        3.267404794692993,
        3.0455570220947266,
        2.8391010761260986,
        2.6547539234161377,
        2.4813950061798096,
        2.333045721054077,
        2.2064297199249268,
        2.098115921020508,
        2.0134637355804443,
        1.948734998703003,
        1.863487720489502,
        1.7906181812286377,
        1.7302054166793823,
        1.677306890487671,
        1.6324281692504883,
        1.5958746671676636,
        1.5656288862228394,
        1.542789340019226,
        1.5186818838119507,
        1.4961868524551392,
        1.478238821029663,
        1.4581100940704346,
        1.442138910293579,
        1.424672245979309,
        1.4023890495300293,
        1.384925127029419,
        1.3710356950759888,
        1.3589321374893188,
        1.34849214553833,
        1.3387598991394043,
        1.3305126428604126,
        1.3228329420089722,
        1.3160183429718018,
        1.31039297580719,
        1.3054786920547485,
        1.3006714582443237,
        1.2956544160842896,
        1.291096568107605,
        1.287101149559021,
        1.283549427986145,
        1.2803163528442383,
        1.2772855758666992,
        1.2743544578552246,
        1.271610140800476,
        1.26902437210083,
        1.266530156135559,
        1.2641531229019165
    ],
    "val_accuracy": [
        0.24697336554527283,
        0.3002421259880066,
        0.33414044976234436,
        0.3874092102050781,
        0.4213075041770935,
        0.4552057981491089,
        0.46973365545272827,
        0.47215497493743896,
        0.47941887378692627,
        0.48184019327163696,
        0.49636805057525635,
        0.4673123359680176,
        0.49636805057525635,
        0.5108959078788757,
        0.5351089835166931,
        0.5351089835166931,
        0.5520581007003784,
        0.5520581007003784,
        0.5447942018508911,
        0.5593220591545105,
        0.5641646385192871,
        0.5447942018508911,
        0.5351089835166931,
        0.5472155213356018,
        0.5569007396697998,
        0.5617433190345764,
        0.6004842519760132,
        0.6101694703102112,
        0.6101694703102112,
        0.6125907897949219,
        0.6029055714607239,
        0.6077482104301453,
        0.6053268909454346,
        0.6053268909454346,
        0.6101694703102112,
        0.6174334287643433,
        0.6174334287643433,
        0.6150121092796326,
        0.6101694703102112,
        0.6077482104301453,
        0.6053268909454346,
        0.6053268909454346,
        0.6029055714607239,
        0.6077482104301453,
        0.6077482104301453,
        0.6004842519760132,
        0.6029055714607239,
        0.6029055714607239,
        0.6004842519760132,
        0.6053268909454346
    ],
    "val_loss": [
        4.142499923706055,
        3.9819016456604004,
        3.807821035385132,
        3.7111990451812744,
        3.641900062561035,
        3.5729310512542725,
        3.544203042984009,
        3.429764986038208,
        3.3902430534362793,
        3.405275583267212,
        3.4063944816589355,
        3.542877435684204,
        3.495173454284668,
        3.546727180480957,
        3.5107932090759277,
        3.5023093223571777,
        3.4960744380950928,
        3.481017827987671,
        3.468653440475464,
        3.4841740131378174,
        3.517608642578125,
        3.6747803688049316,
        3.7478294372558594,
        3.7350642681121826,
        3.651759386062622,
        3.5947425365448,
        3.502955198287964,
        3.513592481613159,
        3.540513038635254,
        3.557360887527466,
        3.568089723587036,
        3.564340591430664,
        3.5534510612487793,
        3.569777250289917,
        3.5440878868103027,
        3.5215559005737305,
        3.502265453338623,
        3.5092222690582275,
        3.5017356872558594,
        3.5039126873016357,
        3.5144858360290527,
        3.5178921222686768,
        3.527174949645996,
        3.536616086959839,
        3.544886589050293,
        3.554558277130127,
        3.566058397293091,
        3.574795722961426,
        3.5835726261138916,
        3.593986749649048
    ]
}