{
    "accuracy": [
        0.16001862287521362,
        0.27735528349876404,
        0.16855502128601074,
        0.3187955915927887,
        0.43892595171928406,
        0.5415179133415222,
        0.6206735968589783,
        0.6920689344406128,
        0.755703866481781,
        0.8131305575370789,
        0.8561229109764099,
        0.8832842111587524,
        0.9068756699562073,
        0.92829430103302,
        0.9483159780502319,
        0.9610430002212524,
        0.9680272936820984
    ],
    "loss": [
        4.610820293426514,
        3.8454840183258057,
        4.883542060852051,
        3.675591230392456,
        3.259650707244873,
        2.9367220401763916,
        2.6855599880218506,
        2.464308977127075,
        2.2715930938720703,
        2.1114859580993652,
        1.9843711853027344,
        1.8854682445526123,
        1.8076401948928833,
        1.7395368814468384,
        1.6823843717575073,
        1.6374118328094482,
        1.6026886701583862
    ],
    "val_accuracy": [
        0.21791768074035645,
        0.23486682772636414,
        0.2905569076538086,
        0.37046006321907043,
        0.3922518193721771,
        0.4092009663581848,
        0.4309927225112915,
        0.4285714328289032,
        0.4406779706478119,
        0.4648910462856293,
        0.47457626461982727,
        0.48668280243873596,
        0.49394673109054565,
        0.5060532689094543,
        0.5060532689094543,
        0.5133171677589417,
        0.5351089835166931
    ],
    "val_loss": [
        4.09752893447876,
        4.014820575714111,
        4.048524379730225,
        3.746804714202881,
        3.5672640800476074,
        3.511171579360962,
        3.46705961227417,
        3.470889091491699,
        3.4526517391204834,
        3.428452253341675,
        3.380627393722534,
        3.359943151473999,
        3.358146905899048,
        3.3447625637054443,
        3.3388729095458984,
        3.3333098888397217,
        3.325843095779419
    ]
}