{
    "accuracy": [
        0.11935433745384216,
        0.1850069910287857,
        0.06580785661935806,
        0.09824615716934204,
        0.11345646530389786,
        0.133788600564003,
        0.14667080342769623,
        0.16188110411167145,
        0.1741424798965454,
        0.1831444948911667,
        0.19043923914432526,
        0.19618190824985504,
        0.20037250220775604,
        0.20859847962856293,
        0.21542759239673615,
        0.2217910885810852,
        0.227533757686615,
        0.23079310357570648,
        0.23467329144477844,
        0.23886388540267944,
        0.24227844178676605,
        0.24553778767585754,
        0.24833151698112488,
        0.2509700357913971,
        0.25329816341400146,
        0.25562626123428345,
        0.2595064342021942,
        0.26167935132980347,
        0.26478347182273865,
        0.2661803364753723,
        0.2686636745929718,
        0.27052614092826843,
        0.2726990580558777,
        0.2744063436985016,
        0.2762688100337982,
        0.2779760956764221,
        0.279683381319046,
        0.2803041934967041,
        0.2829427421092987,
        0.28480520844459534,
        0.28589165210723877,
        0.2863572835922241,
        0.2871333360671997,
        0.2886853814125061,
        0.2894614338874817,
        0.28992706537246704,
        0.29085829854011536,
        0.29085829854011536,
        0.2919447422027588,
        0.29241037368774414,
        0.29334160685539246,
        0.2934968173503876
    ],
    "loss": [
        4.5610737800598145,
        4.128087997436523,
        4.643950939178467,
        4.382891654968262,
        4.314889430999756,
        4.2639079093933105,
        4.222499847412109,
        4.187432289123535,
        4.157407760620117,
        4.130915641784668,
        4.107259273529053,
        4.086202144622803,
        4.067112445831299,
        4.049736022949219,
        4.033928871154785,
        4.019420146942139,
        4.006107807159424,
        3.993849992752075,
        3.9825446605682373,
        3.9719998836517334,
        3.962177038192749,
        3.9529924392700195,
        3.944380760192871,
        3.9362988471984863,
        3.9287238121032715,
        3.921597957611084,
        3.914907932281494,
        3.908583164215088,
        3.902613639831543,
        3.8969838619232178,
        3.891644239425659,
        3.8865771293640137,
        3.88177490234375,
        3.8772475719451904,
        3.872936725616455,
        3.8688559532165527,
        3.8649964332580566,
        3.8613247871398926,
        3.857832431793213,
        3.854522943496704,
        3.8513803482055664,
        3.8483991622924805,
        3.8455612659454346,
        3.8428642749786377,
        3.8402960300445557,
        3.837850332260132,
        3.8355300426483154,
        3.833310127258301,
        3.831202268600464,
        3.8291969299316406,
        3.827296257019043,
        3.8254897594451904
    ],
    "val_accuracy": [
        0.19128328561782837,
        0.19128328561782837,
        0.11138014495372772,
        0.1259079873561859,
        0.1428571492433548,
        0.1501210629940033,
        0.17191283404827118,
        0.19128328561782837,
        0.21065375208854675,
        0.21549636125564575,
        0.22033898532390594,
        0.23002421855926514,
        0.23486682772636414,
        0.24455206096172333,
        0.2542372941970825,
        0.2639225125312805,
        0.2663438320159912,
        0.2663438320159912,
        0.2639225125312805,
        0.2615012228488922,
        0.2663438320159912,
        0.2639225125312805,
        0.2639225125312805,
        0.2663438320159912,
        0.2663438320159912,
        0.2711864411830902,
        0.2736077606678009,
        0.2736077606678009,
        0.2760290503501892,
        0.2760290503501892,
        0.2760290503501892,
        0.2808716595172882,
        0.2808716595172882,
        0.2808716595172882,
        0.2784503698348999,
        0.2760290503501892,
        0.2736077606678009,
        0.2760290503501892,
        0.2760290503501892,
        0.2760290503501892,
        0.2784503698348999,
        0.2808716595172882,
        0.2808716595172882,
        0.2784503698348999,
        0.2784503698348999,
        0.2784503698348999,
        0.2784503698348999,
        0.2784503698348999,
        0.2784503698348999,
        0.2784503698348999,
        0.2760290503501892,
        0.2760290503501892
    ],
    "val_loss": [
        4.187955856323242,
        4.144165515899658,
        4.386122703552246,
        4.346290111541748,
        4.293069362640381,
        4.250047206878662,
        4.214905261993408,
        4.184471130371094,
        4.159343242645264,
        4.137945175170898,
        4.118919849395752,
        4.102998733520508,
        4.088923454284668,
        4.0764899253845215,
        4.06518030166626,
        4.054930210113525,
        4.045194625854492,
        4.036365509033203,
        4.028625011444092,
        4.021320819854736,
        4.0147199630737305,
        4.008743762969971,
        4.003475189208984,
        3.998384475708008,
        3.993561267852783,
        3.989443778991699,
        3.985591173171997,
        3.9819223880767822,
        3.978715658187866,
        3.975534439086914,
        3.9724667072296143,
        3.9696695804595947,
        3.967031478881836,
        3.964582681655884,
        3.9621694087982178,
        3.9600253105163574,
        3.958031415939331,
        3.956225633621216,
        3.954421043395996,
        3.9527666568756104,
        3.951158046722412,
        3.9496753215789795,
        3.9482381343841553,
        3.94688081741333,
        3.9455759525299072,
        3.944274663925171,
        3.9430947303771973,
        3.941962480545044,
        3.9409096240997314,
        3.9398303031921387,
        3.938856601715088,
        3.937873363494873
    ]
}